Mean_Nx,Mean_Ny,Mean_Nz,Mean_Curvature,AABB_Width,AABB_Height,AABB_Depth,OBB_Width,OBB_Height,OBB_Depth,Major_Axis_Horizontal,Major_Axis_Vertical
1.595313427684804108e-01,6.546392383980700891e-02,5.388365317841316005e-01,8.384801936523489721e-03,7.856402918696403503e-02,1.974671967327594757e-01,4.399999976158142090e-02,8.806068842503077254e-02,2.033960539799945511e-01,5.955530473532233415e-02,2.033960539799945511e-01,5.955530473532233415e-02
