{
	"class_name" : "PinholeCameraParameters",
	"extrinsic" : 
	[
		0.99974943393400317,
		0.022372753944588368,
		-0.00072748166672696388,
		0.0,
		-0.022263885855638682,
		0.9972040473634467,
		0.071333073034658939,
		0.0,
		0.0023213649535586104,
		-0.071299002818383084,
		0.99745228630840121,
		0.0,
		0.0014733010012733653,
		0.010221677091324976,
		-0.26750086982101007,
		1.0
	],
	"intrinsic" : 
	{
		"height" : 1080,
		"intrinsic_matrix" : 
		[
			540.00000000000011,
			0.0,
			0.0,
			0.0,
			540.00000000000011,
			0.0,
			547.5,
			539.5,
			1.0
		],
		"width" : 1096
	},
	"version_major" : 1,
	"version_minor" : 0
}