{
	"class_name" : "PinholeCameraParameters",
	"extrinsic" : 
	[
		0.99931800067558296,
		-0.026851174495286456,
		0.025348529621644293,
		0.0,
		0.019855460561552671,
		0.96951560550004667,
		0.24422377316257854,
		0.0,
		-0.031133490193749988,
		-0.24355390598407917,
		0.96938753894830632,
		0.0,
		0.019054916927663691,
		0.0086687441435872939,
		-0.15390439464405864,
		1.0
	],
	"intrinsic" : 
	{
		"height" : 1080,
		"intrinsic_matrix" : 
		[
			935.30743608719399,
			0.0,
			0.0,
			0.0,
			935.30743608719399,
			0.0,
			959.5,
			539.5,
			1.0
		],
		"width" : 1920
	},
	"version_major" : 1,
	"version_minor" : 0
}