{
	"class_name" : "PinholeCameraParameters",
	"extrinsic" : 
	[
		0.74773947365086924,
		0.13821700629094233,
		0.64944725630053346,
		0.0,
		-0.049590215794276492,
		0.98698772412357105,
		-0.15295765076272219,
		0.0,
		-0.66213781801207983,
		0.082166243685247123,
		0.74486389250443497,
		0.0,
		0.41995110761551269,
		-0.031637065411964108,
		-0.077495401741221159,
		1.0
	],
	"intrinsic" : 
	{
		"height" : 1080,
		"intrinsic_matrix" : 
		[
			935.30743608719399,
			0.0,
			0.0,
			0.0,
			935.30743608719399,
			0.0,
			959.5,
			539.5,
			1.0
		],
		"width" : 1920
	},
	"version_major" : 1,
	"version_minor" : 0
}