{
	"class_name" : "PinholeCameraParameters",
	"extrinsic" : 
	[
		0.82495680398396387,
		0.028873346484120727,
		-0.56445779419135655,
		0.0,
		0.045045380150363516,
		0.99215865731045194,
		0.1165852154050014,
		0.0,
		0.56339789251263017,
		-0.12160398261047724,
		0.81718742411126088,
		0.0,
		-0.25965983421943772,
		0.030636977766140647,
		0.06550013872787587,
		1.0
	],
	"intrinsic" : 
	{
		"height" : 1622,
		"intrinsic_matrix" : 
		[
			1404.6932049383599,
			0.0,
			0.0,
			0.0,
			1404.6932049383599,
			0.0,
			727.5,
			810.5,
			1.0
		],
		"width" : 1456
	},
	"version_major" : 1,
	"version_minor" : 0
}