{
	"class_name" : "PinholeCameraParameters",
	"extrinsic" : 
	[
		0.98965465589467505,
		-0.022769822143795131,
		-0.14165167583029964,
		0.0,
		-0.015153287624377589,
		0.96521378811169123,
		-0.26102245327414281,
		0.0,
		0.1426675854571221,
		0.26046857476213731,
		0.95488328167437075,
		0.0,
		-0.074285528264993975,
		-0.065774085403491056,
		-0.025811106239760649,
		1.0
	],
	"intrinsic" : 
	{
		"height" : 1156,
		"intrinsic_matrix" : 
		[
			1001.1253667748114,
			0.0,
			0.0,
			0.0,
			1001.1253667748114,
			0.0,
			591.5,
			577.5,
			1.0
		],
		"width" : 1184
	},
	"version_major" : 1,
	"version_minor" : 0
}