{
	"class_name" : "PinholeCameraParameters",
	"extrinsic" : 
	[
		0.65635215054698748,
		-0.62737843679161653,
		0.41904433121240586,
		0.0,
		0.71001202298929034,
		0.32583200222508873,
		-0.62427272368464515,
		0.0,
		0.25511719205690597,
		0.70726925804455665,
		0.65930676846374203,
		0.0,
		-0.10280385810922454,
		-0.26383427243683311,
		-0.078498954584105482,
		1.0
	],
	"intrinsic" : 
	{
		"height" : 1080,
		"intrinsic_matrix" : 
		[
			540.00000000000011,
			0.0,
			0.0,
			0.0,
			540.00000000000011,
			0.0,
			428.5,
			539.5,
			1.0
		],
		"width" : 858
	},
	"version_major" : 1,
	"version_minor" : 0
}