{
	"class_name" : "PinholeCameraParameters",
	"extrinsic" : 
	[
		0.82495680398396387,
		0.028873346484120727,
		-0.56445779419135655,
		0.0,
		0.045045380150363516,
		0.99215865731045194,
		0.1165852154050014,
		0.0,
		0.56339789251263017,
		-0.12160398261047724,
		0.81718742411126088,
		0.0,
		-0.25965983421943767,
		0.030636977766140636,
		-0.043411233904017493,
		1.0
	],
	"intrinsic" : 
	{
		"height" : 1444,
		"intrinsic_matrix" : 
		[
			1250.5406830647298,
			0.0,
			0.0,
			0.0,
			1250.5406830647298,
			0.0,
			719.5,
			721.5,
			1.0
		],
		"width" : 1440
	},
	"version_major" : 1,
	"version_minor" : 0
}