{
	"class_name" : "PinholeCameraParameters",
	"extrinsic" : 
	[
		0.99997529728361012,
		-0.0043953837910245533,
		0.0054850181298795962,
		0.0,
		0.0041220470946855244,
		0.99879581369216297,
		0.048886923392247511,
		0.0,
		-0.0056932899368206998,
		-0.048863106249397208,
		0.99878925870143176,
		0.0,
		0.0020850357824185378,
		-0.045203836114612851,
		-0.23280839875496318,
		1.0
	],
	"intrinsic" : 
	{
		"height" : 1080,
		"intrinsic_matrix" : 
		[
			935.30743608719399,
			0.0,
			0.0,
			0.0,
			935.30743608719399,
			0.0,
			478.5,
			539.5,
			1.0
		],
		"width" : 958
	},
	"version_major" : 1,
	"version_minor" : 0
}