{
	"class_name" : "PinholeCameraParameters",
	"extrinsic" : 
	[
		0.99731975556273,
		0.061280650006528381,
		-0.039974830819830685,
		0.0,
		-0.0512662707252967,
		0.97509592867472938,
		0.21577696672232596,
		0.0,
		0.052202247559059167,
		-0.21314927120857005,
		0.97562406362955112,
		0.0,
		-0.029761616107078386,
		0.18179409551601655,
		-0.0019424107865641665,
		1.0
	],
	"intrinsic" : 
	{
		"height" : 1286,
		"intrinsic_matrix" : 
		[
			1113.7086692667883,
			0.0,
			0.0,
			0.0,
			1113.7086692667883,
			0.0,
			454.5,
			642.5,
			1.0
		],
		"width" : 910
	},
	"version_major" : 1,
	"version_minor" : 0
}