{
	"class_name" : "PinholeCameraParameters",
	"extrinsic" : 
	[
		0.99777362435538097,
		-0.035841381811080854,
		-0.056242242937134548,
		0.0,
		0.021901859419032534,
		0.97264073477369328,
		-0.23127972157731239,
		0.0,
		0.062992881301908041,
		0.22953299633987817,
		0.97126026403663879,
		0.0,
		-0.030079965285942315,
		-0.049133452418922564,
		-0.043306712205389661,
		1.0
	],
	"intrinsic" : 
	{
		"height" : 1558,
		"intrinsic_matrix" : 
		[
			1349.2675790961557,
			0.0,
			0.0,
			0.0,
			1349.2675790961557,
			0.0,
			966.5,
			778.5,
			1.0
		],
		"width" : 1934
	},
	"version_major" : 1,
	"version_minor" : 0
}