{
	"class_name" : "PinholeCameraParameters",
	"extrinsic" : 
	[
		0.57691614968312199,
		-0.51025232847209145,
		0.63781683697093672,
		0.0,
		0.79667667569192857,
		0.17923802916977494,
		-0.57721746621857561,
		0.0,
		0.18020552334281867,
		0.84113987551901492,
		0.50991144247662945,
		0.0,
		-0.077063207326684646,
		-0.31001381641746184,
		-0.024433206663386386,
		1.0
	],
	"intrinsic" : 
	{
		"height" : 1080,
		"intrinsic_matrix" : 
		[
			540.00000000000011,
			0.0,
			0.0,
			0.0,
			540.00000000000011,
			0.0,
			442.5,
			539.5,
			1.0
		],
		"width" : 886
	},
	"version_major" : 1,
	"version_minor" : 0
}