{
  "LogisticRegression": {
    "best_F1": 0.8312201547834678,
    "best_metrics": {
      "Accuracy": 0.8291666666666667,
      "Precision": 0.8205461638491548,
      "Recall": 0.8421755088421755,
      "F1": 0.8312201547834678,
      "ROC_AUC": 0.9037675704342372,
      "TrainTime": 3.050004005432129
    },
    "params": {
      "C": 1.0,
      "class_weight": null,
      "dual": false,
      "fit_intercept": true,
      "intercept_scaling": 1,
      "l1_ratio": null,
      "max_iter": 200,
      "multi_class": "deprecated",
      "n_jobs": -1,
      "penalty": "l2",
      "random_state": 1,
      "solver": "saga",
      "tol": 0.0001,
      "verbose": 0,
      "warm_start": false
    }
  },
  "RidgeClassifier": {
    "best_F1": 0.8317323617091752,
    "best_metrics": {
      "Accuracy": 0.8306666666666667,
      "Precision": 0.8257152252548504,
      "Recall": 0.8378378378378378,
      "F1": 0.8317323617091752,
      "ROC_AUC": 0.9045670156781267,
      "TrainTime": 0.01183009147644043
    },
    "params": {
      "alpha": 1.0,
      "class_weight": null,
      "copy_X": true,
      "fit_intercept": true,
      "max_iter": null,
      "positive": false,
      "random_state": 1,
      "solver": "auto",
      "tol": 0.0001
    }
  },
  "SGDClassifier": {
    "best_F1": 0.8195867903042134,
    "best_metrics": {
      "Accuracy": 0.8151666666666667,
      "Precision": 0.7996825396825397,
      "Recall": 0.8405071738405072,
      "F1": 0.8195867903042134,
      "ROC_AUC": 0.8907560018671129,
      "TrainTime": 0.45784497261047363
    },
    "params": {
      "alpha": 0.0001,
      "average": false,
      "class_weight": null,
      "early_stopping": false,
      "epsilon": 0.1,
      "eta0": 0.0,
      "fit_intercept": true,
      "l1_ratio": 0.15,
      "learning_rate": "optimal",
      "loss": "log_loss",
      "max_iter": 1000,
      "n_iter_no_change": 5,
      "n_jobs": null,
      "penalty": "l2",
      "power_t": 0.5,
      "random_state": 1,
      "shuffle": true,
      "tol": 0.001,
      "validation_fraction": 0.1,
      "verbose": 0,
      "warm_start": false
    }
  },
  "Perceptron": {
    "best_F1": 0.7777777777777778,
    "best_metrics": {
      "Accuracy": 0.7713333333333333,
      "Precision": 0.755744412968209,
      "Recall": 0.8011344678011345,
      "F1": 0.7777777777777778,
      "ROC_AUC": 0.8437325103991771,
      "TrainTime": 0.06903982162475586
    },
    "params": {
      "alpha": 0.0001,
      "class_weight": null,
      "early_stopping": false,
      "eta0": 1.0,
      "fit_intercept": true,
      "l1_ratio": 0.15,
      "max_iter": 1000,
      "n_iter_no_change": 5,
      "n_jobs": null,
      "penalty": null,
      "random_state": 1,
      "shuffle": true,
      "tol": 0.001,
      "validation_fraction": 0.1,
      "verbose": 0,
      "warm_start": false
    }
  },
  "PassiveAggressive": {
    "best_F1": 0.7780280713914399,
    "best_metrics": {
      "Accuracy": 0.7865,
      "Precision": 0.8093006488824802,
      "Recall": 0.7490824157490824,
      "F1": 0.7780280713914399,
      "ROC_AUC": 0.8655173099617544,
      "TrainTime": 0.07837414741516113
    },
    "params": {
      "C": 1.0,
      "average": false,
      "class_weight": null,
      "early_stopping": false,
      "fit_intercept": true,
      "loss": "hinge",
      "max_iter": 1000,
      "n_iter_no_change": 5,
      "n_jobs": null,
      "random_state": 1,
      "shuffle": true,
      "tol": 0.001,
      "validation_fraction": 0.1,
      "verbose": 0,
      "warm_start": false
    }
  },
  "LinearSVC": {
    "best_F1": 0.8320158102766798,
    "best_metrics": {
      "Accuracy": 0.83,
      "Precision": 0.8214634146341463,
      "Recall": 0.8428428428428428,
      "F1": 0.8320158102766798,
      "ROC_AUC": 0.9036660147771258,
      "TrainTime": 0.7301712036132812
    },
    "params": {
      "C": 1.0,
      "class_weight": null,
      "dual": "auto",
      "fit_intercept": true,
      "intercept_scaling": 1,
      "loss": "squared_hinge",
      "max_iter": 2000,
      "multi_class": "ovr",
      "penalty": "l2",
      "random_state": 1,
      "tol": 0.0001,
      "verbose": 0
    }
  },
  "SVC_rbf": {
    "best_F1": 0.8350345735923609,
    "best_metrics": {
      "Accuracy": 0.833,
      "Precision": 0.8241793955151121,
      "Recall": 0.8461795128461795,
      "F1": 0.8350345735923609,
      "ROC_AUC": 0.9098266320488542,
      "TrainTime": 202.37192106246948
    },
    "params": {
      "C": 1.0,
      "break_ties": false,
      "cache_size": 200,
      "class_weight": null,
      "coef0": 0.0,
      "decision_function_shape": "ovr",
      "degree": 3,
      "gamma": "scale",
      "kernel": "rbf",
      "max_iter": -1,
      "probability": true,
      "random_state": 1,
      "shrinking": true,
      "tol": 0.001,
      "verbose": false
    }
  },
  "NuSVC": {
    "best_F1": 0.8347912196732133,
    "best_metrics": {
      "Accuracy": 0.8331666666666667,
      "Precision": 0.825930764206401,
      "Recall": 0.8438438438438438,
      "F1": 0.8347912196732133,
      "ROC_AUC": 0.9103341881119659,
      "TrainTime": 259.70108294487
    },
    "params": {
      "break_ties": false,
      "cache_size": 200,
      "class_weight": null,
      "coef0": 0.0,
      "decision_function_shape": "ovr",
      "degree": 3,
      "gamma": "scale",
      "kernel": "rbf",
      "max_iter": -1,
      "nu": 0.5,
      "probability": true,
      "random_state": 1,
      "shrinking": true,
      "tol": 0.001,
      "verbose": false
    }
  },
  "DecisionTree": {
    "best_F1": 0.6609555189456343,
    "best_metrics": {
      "Accuracy": 0.657,
      "Precision": 0.6527822974292222,
      "Recall": 0.669336002669336,
      "F1": 0.6609555189456343,
      "ROC_AUC": 0.6570123236789903,
      "TrainTime": 3.326629161834717
    },
    "params": {
      "ccp_alpha": 0.0,
      "class_weight": null,
      "criterion": "gini",
      "max_depth": null,
      "max_features": null,
      "max_leaf_nodes": null,
      "min_impurity_decrease": 0.0,
      "min_samples_leaf": 1,
      "min_samples_split": 2,
      "min_weight_fraction_leaf": 0.0,
      "monotonic_cst": null,
      "random_state": 1,
      "splitter": "best"
    }
  },
  "ExtraTree": {
    "best_F1": 0.6210769739015527,
    "best_metrics": {
      "Accuracy": 0.6176666666666667,
      "Precision": 0.6149820085050703,
      "Recall": 0.6272939606272939,
      "F1": 0.6210769739015527,
      "ROC_AUC": 0.6176762843429511,
      "TrainTime": 0.03540682792663574
    },
    "params": {
      "ccp_alpha": 0.0,
      "class_weight": null,
      "criterion": "gini",
      "max_depth": null,
      "max_features": "sqrt",
      "max_leaf_nodes": null,
      "min_impurity_decrease": 0.0,
      "min_samples_leaf": 1,
      "min_samples_split": 2,
      "min_weight_fraction_leaf": 0.0,
      "monotonic_cst": null,
      "random_state": 1,
      "splitter": "random"
    }
  },
  "RandomForest": {
    "best_F1": 0.7919132149901381,
    "best_metrics": {
      "Accuracy": 0.789,
      "Precision": 0.7803692905733722,
      "Recall": 0.8038038038038038,
      "F1": 0.7919132149901381,
      "ROC_AUC": 0.875713042379709,
      "TrainTime": 7.197044849395752
    },
    "params": {
      "bootstrap": true,
      "ccp_alpha": 0.0,
      "class_weight": null,
      "criterion": "gini",
      "max_depth": null,
      "max_features": "sqrt",
      "max_leaf_nodes": null,
      "max_samples": null,
      "min_impurity_decrease": 0.0,
      "min_samples_leaf": 1,
      "min_samples_split": 2,
      "min_weight_fraction_leaf": 0.0,
      "monotonic_cst": null,
      "n_estimators": 200,
      "n_jobs": -1,
      "oob_score": false,
      "random_state": 1,
      "verbose": 0,
      "warm_start": false
    }
  },
  "ExtraTrees": {
    "best_F1": 0.7887931034482759,
    "best_metrics": {
      "Accuracy": 0.7876666666666666,
      "Precision": 0.7838550247116969,
      "Recall": 0.7937937937937938,
      "F1": 0.7887931034482759,